{
  "" : {
    "transaction" : "",
    "sampleCount" : 1000,
    "errorCount" : 0,
    "errorPct" : 0.0,
    "meanResTime" : 2896.7139999999963,
    "medianResTime" : 555.0,
    "minResTime" : 17.0,
    "maxResTime" : 27274.0,
    "pct1ResTime" : 7557.7,
    "pct2ResTime" : 18131.04999999944,
    "pct3ResTime" : 21593.93,
    "throughput" : 15.606467320057433,
    "receivedKBytesPerSec" : 847.5671834033025,
    "sentKBytesPerSec" : 138.91051373564207
  },
  "-70" : {
    "transaction" : "-70",
    "sampleCount" : 250,
    "errorCount" : 0,
    "errorPct" : 0.0,
    "meanResTime" : 36.21600000000001,
    "medianResTime" : 26.0,
    "minResTime" : 17.0,
    "maxResTime" : 327.0,
    "pct1ResTime" : 56.900000000000006,
    "pct2ResTime" : 84.79999999999995,
    "pct3ResTime" : 289.01000000000045,
    "throughput" : 7.014393535534918,
    "receivedKBytesPerSec" : 1.1918989015459724,
    "sentKBytesPerSec" : 6.699293825930811
  },
  "-30" : {
    "transaction" : "-30",
    "sampleCount" : 250,
    "errorCount" : 0,
    "errorPct" : 0.0,
    "meanResTime" : 128.05600000000007,
    "medianResTime" : 80.0,
    "minResTime" : 51.0,
    "maxResTime" : 623.0,
    "pct1ResTime" : 371.70000000000005,
    "pct2ResTime" : 472.34999999999997,
    "pct3ResTime" : 547.4100000000001,
    "throughput" : 6.746727836999055,
    "receivedKBytesPerSec" : 3.3799525199028473,
    "sentKBytesPerSec" : 66.66346899878559
  },
  "-31" : {
    "transaction" : "-31",
    "sampleCount" : 250,
    "errorCount" : 0,
    "errorPct" : 0.0,
    "meanResTime" : 92.136,
    "medianResTime" : 58.0,
    "minResTime" : 47.0,
    "maxResTime" : 513.0,
    "pct1ResTime" : 132.8,
    "pct2ResTime" : 393.1999999999998,
    "pct3ResTime" : 474.7800000000002,
    "throughput" : 6.746727836999055,
    "receivedKBytesPerSec" : 3.3799525199028473,
    "sentKBytesPerSec" : 12.31409602280394
  },
  "-10" : {
    "transaction" : "-10",
    "sampleCount" : 250,
    "errorCount" : 0,
    "errorPct" : 0.0,
    "meanResTime" : 2721.1599999999958,
    "medianResTime" : 673.5,
    "minResTime" : 153.0,
    "maxResTime" : 13364.0,
    "pct1ResTime" : 11354.0,
    "pct2ResTime" : 12364.15,
    "pct3ResTime" : 13031.210000000001,
    "throughput" : 5.035956731059767,
    "receivedKBytesPerSec" : 68.67858777294886,
    "sentKBytesPerSec" : 4.2274496152529055
  },
  "-33" : {
    "transaction" : "-33",
    "sampleCount" : 250,
    "errorCount" : 0,
    "errorPct" : 0.0,
    "meanResTime" : 720.9280000000002,
    "medianResTime" : 649.5,
    "minResTime" : 143.0,
    "maxResTime" : 4955.0,
    "pct1ResTime" : 1206.1000000000001,
    "pct2ResTime" : 1321.6499999999996,
    "pct3ResTime" : 1708.780000000003,
    "throughput" : 6.627432267642225,
    "receivedKBytesPerSec" : 72.99101817241927,
    "sentKBytesPerSec" : 6.1679130381475
  },
  "-34" : {
    "transaction" : "-34",
    "sampleCount" : 250,
    "errorCount" : 0,
    "errorPct" : 0.0,
    "meanResTime" : 72.73599999999999,
    "medianResTime" : 19.5,
    "minResTime" : 10.0,
    "maxResTime" : 779.0,
    "pct1ResTime" : 161.60000000000002,
    "pct2ResTime" : 329.84999999999985,
    "pct3ResTime" : 750.7200000000003,
    "throughput" : 6.746545768566494,
    "receivedKBytesPerSec" : 2.793491607297064,
    "sentKBytesPerSec" : 4.513070167449266
  },
  "-36" : {
    "transaction" : "-36",
    "sampleCount" : 250,
    "errorCount" : 0,
    "errorPct" : 0.0,
    "meanResTime" : 34.252000000000024,
    "medianResTime" : 24.0,
    "minResTime" : 17.0,
    "maxResTime" : 498.0,
    "pct1ResTime" : 58.900000000000006,
    "pct2ResTime" : 85.34999999999997,
    "pct3ResTime" : 207.390000000001,
    "throughput" : 6.761873850481446,
    "receivedKBytesPerSec" : 1.148990283187277,
    "sentKBytesPerSec" : 6.4515144061722385
  },
  "-37" : {
    "transaction" : "-37",
    "sampleCount" : 250,
    "errorCount" : 0,
    "errorPct" : 0.0,
    "meanResTime" : 117.08000000000003,
    "medianResTime" : 62.5,
    "minResTime" : 44.0,
    "maxResTime" : 753.0,
    "pct1ResTime" : 261.8,
    "pct2ResTime" : 318.45,
    "pct3ResTime" : 632.0600000000009,
    "throughput" : 6.761508086763672,
    "receivedKBytesPerSec" : 4.50231919727376,
    "sentKBytesPerSec" : 4.285369871396116
  },
  "-38" : {
    "transaction" : "-38",
    "sampleCount" : 250,
    "errorCount" : 0,
    "errorPct" : 0.0,
    "meanResTime" : 698.8239999999998,
    "medianResTime" : 638.5,
    "minResTime" : 155.0,
    "maxResTime" : 5160.0,
    "pct1ResTime" : 1071.2,
    "pct2ResTime" : 1398.3999999999992,
    "pct3ResTime" : 2489.620000000006,
    "throughput" : 6.730743343294834,
    "receivedKBytesPerSec" : 100.02452514605713,
    "sentKBytesPerSec" : 6.316644875885093
  },
  "-17" : {
    "transaction" : "-17",
    "sampleCount" : 250,
    "errorCount" : 0,
    "errorPct" : 0.0,
    "meanResTime" : 273.8240000000001,
    "medianResTime" : 167.5,
    "minResTime" : 98.0,
    "maxResTime" : 2286.0,
    "pct1ResTime" : 574.8,
    "pct2ResTime" : 720.5999999999997,
    "pct3ResTime" : 1879.1200000000008,
    "throughput" : 5.794682799063579,
    "receivedKBytesPerSec" : 167.18488333854856,
    "sentKBytesPerSec" : 4.643668657140208
  },
  "-18" : {
    "transaction" : "-18",
    "sampleCount" : 250,
    "errorCount" : 0,
    "errorPct" : 0.0,
    "meanResTime" : 76.61199999999994,
    "medianResTime" : 21.5,
    "minResTime" : 10.0,
    "maxResTime" : 1057.0,
    "pct1ResTime" : 174.8,
    "pct2ResTime" : 323.2999999999996,
    "pct3ResTime" : 784.5400000000004,
    "throughput" : 5.8245188947392945,
    "receivedKBytesPerSec" : 2.411714854852989,
    "sentKBytesPerSec" : 3.7313324169423607
  },
  "-19" : {
    "transaction" : "-19",
    "sampleCount" : 250,
    "errorCount" : 0,
    "errorPct" : 0.0,
    "meanResTime" : 889.4680000000002,
    "medianResTime" : 674.0,
    "minResTime" : 161.0,
    "maxResTime" : 5522.0,
    "pct1ResTime" : 1322.9,
    "pct2ResTime" : 2294.2999999999993,
    "pct3ResTime" : 5161.010000000002,
    "throughput" : 5.832264084917765,
    "receivedKBytesPerSec" : 79.13455124373031,
    "sentKBytesPerSec" : 4.6760632946459815
  },
  "-1" : {
    "transaction" : "-1",
    "sampleCount" : 250,
    "errorCount" : 0,
    "errorPct" : 0.0,
    "meanResTime" : 1204.9680000000003,
    "medianResTime" : 49.0,
    "minResTime" : 34.0,
    "maxResTime" : 7893.0,
    "pct1ResTime" : 5869.8,
    "pct2ResTime" : 7036.95,
    "pct3ResTime" : 7694.31,
    "throughput" : 4.307893784570847,
    "receivedKBytesPerSec" : 2.6251227749728603,
    "sentKBytesPerSec" : 3.3739558742439644
  },
  "-2" : {
    "transaction" : "-2",
    "sampleCount" : 250,
    "errorCount" : 0,
    "errorPct" : 0.0,
    "meanResTime" : 271.98,
    "medianResTime" : 180.5,
    "minResTime" : 161.0,
    "maxResTime" : 1663.0,
    "pct1ResTime" : 542.1000000000001,
    "pct2ResTime" : 844.5999999999999,
    "pct3ResTime" : 1255.8600000000001,
    "throughput" : 5.027146591594611,
    "receivedKBytesPerSec" : 6.862094372109391,
    "sentKBytesPerSec" : 2.96032167454253
  },
  "-3" : {
    "transaction" : "-3",
    "sampleCount" : 250,
    "errorCount" : 0,
    "errorPct" : 0.0,
    "meanResTime" : 408.05999999999983,
    "medianResTime" : 196.0,
    "minResTime" : 170.0,
    "maxResTime" : 2799.0,
    "pct1ResTime" : 868.8,
    "pct2ResTime" : 921.5999999999999,
    "pct3ResTime" : 1949.1000000000026,
    "throughput" : 4.947947591339113,
    "receivedKBytesPerSec" : 4.168877780746546,
    "sentKBytesPerSec" : 1.7540087652891578
  },
  "-4" : {
    "transaction" : "-4",
    "sampleCount" : 250,
    "errorCount" : 0,
    "errorPct" : 0.0,
    "meanResTime" : 662.1879999999994,
    "medianResTime" : 550.0,
    "minResTime" : 247.0,
    "maxResTime" : 2144.0,
    "pct1ResTime" : 1080.8,
    "pct2ResTime" : 1632.5,
    "pct3ResTime" : 1917.860000000001,
    "throughput" : 5.002501250625312,
    "receivedKBytesPerSec" : 206.42061265007504,
    "sentKBytesPerSec" : 2.481709604802401
  },
  "-5" : {
    "transaction" : "-5",